<?xml version="1.0" encoding="utf-8"?>
<layer-list xmlns:android="http://schemas.android.com/apk/res/android" >
    <item>
        <shape
            android:shape="rectangle"
            >

            <stroke
                android:width="1dp"
                android:color="@color/appbar" />
            <solid android:color="@color/white" />
            <corners
                android:radius="20dp" />
            <padding
                android:bottom="10dp"
                android:left="10dp"
                android:right="10dp"
                android:top="10dp" />
        </shape>
    </item>


    <item  android:bottom="10dp" >
        <shape
            android:shape="rectangle">
            <stroke android:width="1dp" android:color="@color/white" />
        </shape>
    </item>




</layer-list>