<?xml version="1.0" encoding="utf-8"?>
<layer-list xmlns:android="http://schemas.android.com/apk/res/android">
    <item>
        <shape
            android:layout_width="wrap_content"
            android:shape="rectangle">
            <solid android:color="@color/white" />
            <corners android:radius="5dp" />
            <!--<stroke android:width="1dp" android:color="#FF000000" />-->
        </shape>
    </item>
    <!--<item android:left="5dp" android:right="5dp"  android:top="5dp" >
        <shape android:shape="rectangle">
            <solid android:color="@color/appbar" />
            <corners android:radius="5dp" />
        </shape>
    </item>-->
</layer-list>